{
  "zoom_level": "5x",
  "lensmodel": "LENSMODEL_OPENCV8",
  "model_path": "datasets/camera_calibration/2026-05-05/5x/calibration/camera-0.cameramodel",
  "image_size": {
    "width": 960,
    "height": 540
  },
  "num_images": 97,
  "num_detected_corner_frames": 26,
  "rms_reprojection_error_px": 0.4,
  "worst_reprojection_error_px": 1.4,
  "max_projection_uncertainty_px": 19.392741936980567,
  "intrinsics": {
    "fx": 1549.740234,
    "fy": 1541.81351,
    "cx": 507.432127,
    "cy": 303.8868697,
    "k1": -0.1419311039,
    "k2": 0.4160756354,
    "p1": 0.003016445359,
    "p2": 0.004063208818,
    "k3": 0.01944241834,
    "k4": 0.007834882566,
    "k5": -0.01646158033,
    "k6": -0.0007848451378
  },
  "intrinsics_stddev": {
    "fx": 198.08469555511272,
    "fy": 197.30669635495636,
    "cx": 43.662692857119296,
    "cy": 41.61887621446377,
    "k1": 0.3176365780336082,
    "k2": 0.7156000284992935,
    "p1": 0.006424140559941999,
    "p2": 0.006201337650469243,
    "k3": 1.5501575704992687,
    "k4": 0.30771105652285985,
    "k5": 0.30892697381344086,
    "k6": 0.31364047380106275
  }
}
