{
  "rms_reprojection_error_px": 0.3,
  "worst_reprojection_error_px": 1.0,
  "max_projection_uncertainty_px": 4.938907490838871,
  "parameter_stddev": {
    "fx": 43.490376216394914,
    "fy": 42.71763643194742,
    "cx": 6.7449619474555185,
    "cy": 9.220047177725622,
    "k1": 0.18289015838885186,
    "k2": 0.3132045231929066,
    "p1": 0.0024358629391438786,
    "p2": 0.0025871467142327027,
    "k3": 0.6153586996921159,
    "k4": 0.1817091828678506,
    "k5": 0.18275656297992515,
    "k6": 0.1837873450780209
  }
}
