{
  "rms_reprojection_error_px": 0.3,
  "worst_reprojection_error_px": 1.0,
  "max_projection_uncertainty_px": 14.935717757719429,
  "parameter_stddev": {
    "fx": 203.95375493192842,
    "fy": 202.28441558578854,
    "cx": 32.39192570948472,
    "cy": 32.96675968883442,
    "k1": 0.2255558717480365,
    "k2": 0.3319256373259885,
    "p1": 0.0020017946427853183,
    "p2": 0.0019192630461783637,
    "k3": 1.0743613665845626,
    "k4": 0.2241193426867497,
    "k5": 0.22444665390718307,
    "k6": 0.22805525801986007
  }
}
