{
  "rms_reprojection_error_px": 0.2,
  "worst_reprojection_error_px": 0.8,
  "max_projection_uncertainty_px": 3.991461712328161,
  "parameter_stddev": {
    "fx": 25.446128146210388,
    "fy": 25.15448230920741,
    "cx": 5.58397895874858,
    "cy": 6.4096331689065265,
    "k1": 0.18442689683412167,
    "k2": 0.1790256170377514,
    "p1": 0.0006740364037549966,
    "p2": 0.0006561032544950466,
    "k3": 0.180518834624661,
    "k4": 0.18466926386735216,
    "k5": 0.1838260714571855,
    "k6": 0.18491323757562966
  }
}
