{
  "rms_reprojection_error_px": 0.5,
  "worst_reprojection_error_px": 1.8,
  "max_projection_uncertainty_px": 27.09821410581828,
  "parameter_stddev": {
    "fx": 696.9097882934848,
    "fy": 678.0563747557612,
    "cx": 161.486536833517,
    "cy": 125.03035049114891,
    "k1": 0.36728953506310796,
    "k2": 1.6858542231134366,
    "p1": 0.0054660177559430305,
    "p2": 0.007280880448749657,
    "k3": 1.8351371716041471,
    "k4": 0.3599576225034203,
    "k5": 0.3659195569411674,
    "k6": 0.36706366782045335
  }
}
