{
  "zoom_level": "4x",
  "lensmodel": "LENSMODEL_OPENCV8",
  "model_path": "datasets/camera_calibration/2026-05-05/4x/calibration/camera-0.cameramodel",
  "image_size": {
    "width": 960,
    "height": 540
  },
  "num_images": 98,
  "num_detected_corner_frames": 98,
  "rms_reprojection_error_px": 0.3,
  "worst_reprojection_error_px": 1.0,
  "max_projection_uncertainty_px": 8.918823200357838,
  "intrinsics": {
    "fx": 1620.952563,
    "fy": 1617.365571,
    "cx": 564.1994497,
    "cy": 291.4606157,
    "k1": -0.0564527844,
    "k2": -0.3608486828,
    "p1": -0.0006001243807,
    "p2": -0.005901623648,
    "k3": -0.0780218816,
    "k4": 0.0002457128097,
    "k5": 0.0141452082,
    "k6": 0.003101482986
  },
  "intrinsics_stddev": {
    "fx": 170.04061967767925,
    "fy": 170.4301613648614,
    "cx": 49.64127811660494,
    "cy": 35.54337364667044,
    "k1": 0.16950733256351982,
    "k2": 0.34576732767705753,
    "p1": 0.004458942607978561,
    "p2": 0.006680406036957888,
    "k3": 0.7884452252833912,
    "k4": 0.15844234500553012,
    "k5": 0.15907385920047923,
    "k6": 0.16147507961452162
  }
}
