{
  "rms_reprojection_error_px": 0.2,
  "worst_reprojection_error_px": 0.8,
  "max_projection_uncertainty_px": 6.085209252815207,
  "parameter_stddev": {
    "fx": 26.49069557730026,
    "fy": 26.175212143103135,
    "cx": 4.570452322681265,
    "cy": 5.429914601112429,
    "k1": 0.18027923261016077,
    "k2": 0.16138562516257898,
    "p1": 0.0005933972509054379,
    "p2": 0.0005563368467887373,
    "k3": 0.16870841603195802,
    "k4": 0.18088436395973245,
    "k5": 0.17108077647140538,
    "k6": 0.1715558933449439
  }
}
