{
  "zoom_level": "3x",
  "lensmodel": "LENSMODEL_OPENCV8",
  "model_path": "datasets/camera_calibration/2026-05-05/3x/calibration/camera-0.cameramodel",
  "image_size": {
    "width": 960,
    "height": 540
  },
  "num_images": 98,
  "num_detected_corner_frames": 98,
  "rms_reprojection_error_px": 0.2,
  "worst_reprojection_error_px": 0.7,
  "max_projection_uncertainty_px": 6.864948648413136,
  "intrinsics": {
    "fx": 778.2064962,
    "fy": 774.6920349,
    "cx": 481.2855762,
    "cy": 291.0865164,
    "k1": -0.07905363155,
    "k2": 0.03011163706,
    "p1": 0.001254095629,
    "p2": -0.001886485561,
    "k3": 0.03213205172,
    "k4": 0.003288067052,
    "k5": -0.0009605532401,
    "k6": -0.001328321094
  },
  "intrinsics_stddev": {
    "fx": 58.342602021039916,
    "fy": 57.80075877352519,
    "cx": 11.283634063380891,
    "cy": 8.882133955706236,
    "k1": 0.15994885885256194,
    "k2": 0.17747644096553433,
    "p1": 0.001789432572561084,
    "p2": 0.0018994314875721981,
    "k3": 0.19121511495169594,
    "k4": 0.15844802604278296,
    "k5": 0.1585965681896546,
    "k6": 0.15882703793655348
  }
}
