{
  "zoom_level": "2x",
  "lensmodel": "LENSMODEL_OPENCV8",
  "model_path": "datasets/camera_calibration/2026-05-05/2x/calibration/camera-0.cameramodel",
  "image_size": {
    "width": 960,
    "height": 540
  },
  "num_images": 85,
  "num_detected_corner_frames": 85,
  "rms_reprojection_error_px": 0.2,
  "worst_reprojection_error_px": 1.0,
  "max_projection_uncertainty_px": 5.5794339268326985,
  "intrinsics": {
    "fx": 1161.117226,
    "fy": 1153.65399,
    "cx": 542.9663977,
    "cy": 285.2322876,
    "k1": -0.1338445349,
    "k2": 0.3205765813,
    "p1": -0.003492468273,
    "p2": -0.003451803771,
    "k3": 0.07786334011,
    "k4": 0.006095449719,
    "k5": -0.01243496671,
    "k6": -0.003037566227
  },
  "intrinsics_stddev": {
    "fx": 70.2408930312795,
    "fy": 69.41399559171927,
    "cx": 15.945999395375075,
    "cy": 15.937220251345677,
    "k1": 0.17180933866896203,
    "k2": 0.298432398479789,
    "p1": 0.002566017329534922,
    "p2": 0.0027680644151660827,
    "k3": 0.6160985109904851,
    "k4": 0.1699944939620211,
    "k5": 0.17057851225879467,
    "k6": 0.1718638012141032
  }
}
