{
  "rms_reprojection_error_px": 0.2,
  "worst_reprojection_error_px": 0.7,
  "max_projection_uncertainty_px": 6.272132566128779,
  "parameter_stddev": {
    "fx": 69.11852388227157,
    "fy": 68.14640892256166,
    "cx": 8.7198901241711,
    "cy": 11.433535341897155,
    "k1": 0.23695216856478768,
    "k2": 0.2582023660667143,
    "p1": 0.0008406285076369997,
    "p2": 0.0008102789733248145,
    "k3": 0.3722340613145459,
    "k4": 0.2364573613081737,
    "k5": 0.23660653371889204,
    "k6": 0.2370398567593467
  }
}
